name,abbrev,clean_name,clean_abbrev,team,player_id
Alec Burleson,A. Burleson,Alec Burleson,A. Burleson,Cardinals,676475
Andre Granillo,A. Granillo,Andre Granillo,A. Granillo,Cardinals,701552
Andre Pallante,A. Pallante,Andre Pallante,A. Pallante,Cardinals,669467
Brendan Donovan,B. Donovan,Brendan Donovan,B. Donovan,Cardinals,680977
Garrett Hampson,G. Hampson,Garrett Hampson,G. Hampson,Cardinals,641658
Gordon Graceffo,G. Graceffo,Gordon Graceffo,G. Graceffo,Cardinals,700669
Iván Herrera,I. Herrera,Ivan Herrera,I. Herrera,Cardinals,671056
JoJo Romero,J. Romero,JoJo Romero,J. Romero,Cardinals,668941
Jordan Walker,J. Walker,Jordan Walker,J. Walker,Cardinals,691023
Kyle Leahy,K. Leahy,Kyle Leahy,K. Leahy,Cardinals,681517
Lars Nootbaar,L. Nootbaar,Lars Nootbaar,L. Nootbaar,Cardinals,663457
Masyn Winn,M. Winn,Masyn Winn,M. Winn,Cardinals,691026
Matt Svanson,M. Svanson,Matt Svanson,M. Svanson,Cardinals,694335
Matthew Liberatore,M. Liberatore,Matthew Liberatore,M. Liberatore,Cardinals,669461
Michael McGreevy,M. McGreevy,Michael McGreevy,M. McGreevy,Cardinals,700241
Miles Mikolas,M. Mikolas,Miles Mikolas,M. Mikolas,Cardinals,571945
Nolan Gorman,N. Gorman,Nolan Gorman,N. Gorman,Cardinals,669357
Pedro Pagés,P. Pagés,Pedro Pages,P. Pages,Cardinals,817887
Riley O'Brien,R. O'Brien,Riley O'Brien,R. O'Brien,Cardinals,676617
Roddery Muñoz,R. Muñoz,Roddery Munoz,R. Munoz,Cardinals,682610
Ryan Fernandez,R. Fernandez,Ryan Fernandez,R. Fernandez,Cardinals,681676
Sonny Gray,S. Gray,Sonny Gray,S. Gray,Cardinals,543243
Thomas Saggese,T. Saggese,Thomas Saggese,T. Saggese,Cardinals,695336
Victor Scott,V. Scott,Victor Scott,V. Scott,Cardinals,687363
Willson Contreras,W. Contreras,Willson Contreras,W. Contreras,Cardinals,575929
Yohel Pozo,Y. Pozo,Yohel Pozo,Y. Pozo,Cardinals,650968
Adolis García,A. García,Adolis Garcia,A. Garcia,Rangers,666969
Cole Winn,C. Winn,Cole Winn,C. Winn,Rangers,668390
Corey Seager,C. Seager,Corey Seager,C. Seager,Rangers,608369
Danny Coulombe,D. Coulombe,Danny Coulombe,D. Coulombe,Rangers,543056
Ezequiel Duran,E. Duran,Ezequiel Duran,E. Duran,Rangers,677649
Hoby Milner,H. Milner,Hoby Milner,H. Milner,Rangers,571948
Jack Leiter,J. Leiter,Jack Leiter,J. Leiter,Rangers,683004
Jacob deGrom,J. deGrom,Jacob deGrom,J. deGrom,Rangers,594798
Jake Burger,J. Burger,Jake Burger,J. Burger,Rangers,669394
Joc Pederson,J. Pederson,Joc Pederson,J. Pederson,Rangers,592626
Jon Gray,J. Gray,Jon Gray,J. Gray,Rangers,592351
Jonah Heim,J. Heim,Jonah Heim,J. Heim,Rangers,641680
Josh Jung,J. Jung,Josh Jung,J. Jung,Rangers,673962
Josh Smith,J. Smith,Josh Smith,J. Smith,Rangers,605479
Kyle Higashioka,K. Higashioka,Kyle Higashioka,K. Higashioka,Rangers,543309
Luis Curvelo,L. Curvelo,Luis Curvelo,L. Curvelo,Rangers,681168
Marcus Semien,M. Semien,Marcus Semien,M. Semien,Rangers,543760
Merrill Kelly,M. Kelly,Merrill Kelly,M. Kelly,Rangers,518876
Nathan Eovaldi,N. Eovaldi,Nathan Eovaldi,N. Eovaldi,Rangers,543135
Patrick Corbin,P. Corbin,Patrick Corbin,P. Corbin,Rangers,571578
Phil Maton,P. Maton,Phil Maton,P. Maton,Rangers,664208
Robert Garcia,R. Garcia,Robert Garcia,R. Garcia,Rangers,676395
Rowdy Tellez,R. Tellez,Rowdy Tellez,R. Tellez,Rangers,642133
Sam Haggerty,S. Haggerty,Sam Haggerty,S. Haggerty,Rangers,664059
Shawn Armstrong,S. Armstrong,Shawn Armstrong,S. Armstrong,Rangers,542888
Wyatt Langford,W. Langford,Wyatt Langford,W. Langford,Rangers,694671
Aaron Civale,A. Civale,Aaron Civale,A. Civale,White Sox,650644
Andrew Benintendi,A. Benintendi,Andrew Benintendi,A. Benintendi,White Sox,643217
Brandon Eisert,B. Eisert,Brandon Eisert,B. Eisert,White Sox,685126
Brooks Baldwin,B. Baldwin,Brooks Baldwin,B. Baldwin,White Sox,681460
Bryan Hudson,B. Hudson,Bryan Hudson,B. Hudson,White Sox,663542
Colson Montgomery,C. Montgomery,Colson Montgomery,C. Montgomery,White Sox,695657
Corey Julks,C. Julks,Corey Julks,C. Julks,White Sox,667452
Curtis Mead,C. Mead,Curtis Mead,C. Mead,White Sox,678554
Davis Martin,D. Martin,Davis Martin,D. Martin,White Sox,663436
Edgar Quero,E. Quero,Edgar Quero,E. Quero,White Sox,700337
Grant Taylor,G. Taylor,Grant Taylor,G. Taylor,White Sox,691799
Jacob Amaya,J. Amaya,Jacob Amaya,J. Amaya,White Sox,676070
Jordan Leasure,J. Leasure,Jordan Leasure,J. Leasure,White Sox,673929
Josh Rojas,J. Rojas,Josh Rojas,J. Rojas,White Sox,668942
Kyle Teel,K. Teel,Kyle Teel,K. Teel,White Sox,691019
Lenyn Sosa,L. Sosa,Lenyn Sosa,L. Sosa,White Sox,672820
Luis Robert,L. Robert,Luis Robert,L. Robert,White Sox,673357
Michael Taylor,M. Taylor,Michael Taylor,M. Taylor,White Sox,572191
Mike Tauchman,M. Tauchman,Mike Tauchman,M. Tauchman,White Sox,643565
Mike Vasil,M. Vasil,Mike Vasil,M. Vasil,White Sox,678024
Sean Burke,S. Burke,Sean Burke,S. Burke,White Sox,680732
Shane Smith,S. Smith,Shane Smith,S. Smith,White Sox,681343
Steven Wilson,S. Wilson,Steven Wilson,S. Wilson,White Sox,621051
Tyler Alexander,T. Alexander,Tyler Alexander,T. Alexander,White Sox,641302
Tyler Gilbert,T. Gilbert,Tyler Gilbert,T. Gilbert,White Sox,656457
Wikelman González,W. González,Wikelman Gonzalez,W. Gonzalez,White Sox,682790
Adley Rutschman,A. Rutschman,Adley Rutschman,A. Rutschman,Orioles,668939
Alex Jackson,A. Jackson,Alex Jackson,A. Jackson,Orioles,656577
Brandon Young,B. Young,Brandon Young,B. Young,Orioles,687064
Cade Povich,C. Povich,Cade Povich,C. Povich,Orioles,700249
Coby Mayo,C. Mayo,Coby Mayo,C. Mayo,Orioles,691723
Corbin Martin,C. Martin,Corbin Martin,C. Martin,Orioles,656686
Dean Kremer,D. Kremer,Dean Kremer,D. Kremer,Orioles,665152
Dietrich Enns,D. Enns,Dietrich Enns,D. Enns,Orioles,608650
Dylan Carlson,D. Carlson,Dylan Carlson,D. Carlson,Orioles,666185
Grant Wolfram,G. Wolfram,Grant Wolfram,G. Wolfram,Orioles,664991
Greg Allen,G. Allen,Greg Allen,G. Allen,Orioles,656185
Gunnar Henderson,G. Henderson,Gunnar Henderson,G. Henderson,Orioles,683002
Jackson Holliday,J. Holliday,Jackson Holliday,J. Holliday,Orioles,702616
Jeremiah Jackson,J. Jackson,Jeremiah Jackson,J. Jackson,Orioles,669236
Jordan Westburg,J. Westburg,Jordan Westburg,J. Westburg,Orioles,676059
Jordyn Adams,J. Adams,Jordyn Adams,J. Adams,Orioles,677941
Kade Strowd,K. Strowd,Kade Strowd,K. Strowd,Orioles,669704
Keegan Akin,K. Akin,Keegan Akin,K. Akin,Orioles,669211
Luis Vázquez,L. Vázquez,Luis Vazquez,L. Vazquez,Orioles,676679
Rico Garcia,R. Garcia,Rico Garcia,R. Garcia,Orioles,670329
Ryan Mountcastle,R. Mountcastle,Ryan Mountcastle,R. Mountcastle,Orioles,663624
Ryan Noda,R. Noda,Ryan Noda,R. Noda,Orioles,676116
Tomoyuki Sugano,T. Sugano,Tomoyuki Sugano,T. Sugano,Orioles,608372
Trevor Rogers,T. Rogers,Trevor Rogers,T. Rogers,Orioles,669432
Yaramil Hiraldo,Y. Hiraldo,Yaramil Hiraldo,Y. Hiraldo,Orioles,682274
Yennier Cano,Y. Cano,Yennier Cano,Y. Cano,Orioles,666974
Abraham Toro,A. Toro,Abraham Toro,A. Toro,Red Sox,647351
Alex Bregman,A. Bregman,Alex Bregman,A. Bregman,Red Sox,608324
Aroldis Chapman,A. Chapman,Aroldis Chapman,A. Chapman,Red Sox,547973
Brayan Bello,B. Bello,Brayan Bello,B. Bello,Red Sox,678394
Carlos Narváez,C. Narváez,Carlos Narvaez,C. Narvaez,Red Sox,665966
Ceddanne Rafaela,C. Rafaela,Ceddanne Rafaela,C. Rafaela,Red Sox,678882
Chris Murphy,C. Murphy,Chris Murphy,C. Murphy,Red Sox,669684
Connor Wong,C. Wong,Connor Wong,C. Wong,Red Sox,657136
David Hamilton,D. Hamilton,David Hamilton,D. Hamilton,Red Sox,666152
Dustin May,D. May,Dustin May,D. May,Red Sox,669160
Garrett Crochet,G. Crochet,Garrett Crochet,G. Crochet,Red Sox,676979
Garrett Whitlock,G. Whitlock,Garrett Whitlock,G. Whitlock,Red Sox,676477
Greg Weissert,G. Weissert,Greg Weissert,G. Weissert,Red Sox,669711
Isaiah Campbell,I. Campbell,Isaiah Campbell,I. Campbell,Red Sox,663462
Jarren Duran,J. Duran,Jarren Duran,J. Duran,Red Sox,680776
Jordan Hicks,J. Hicks,Jordan Hicks,J. Hicks,Red Sox,663855
Justin Wilson,J. Wilson,Justin Wilson,J. Wilson,Red Sox,458677
Lucas Giolito,L. Giolito,Lucas Giolito,L. Giolito,Red Sox,608337
Masataka Yoshida,M. Yoshida,Masataka Yoshida,M. Yoshida,Red Sox,807799
Rob Refsnyder,R. Refsnyder,Rob Refsnyder,R. Refsnyder,Red Sox,608701
Roman Anthony,R. Anthony,Roman Anthony,R. Anthony,Red Sox,701350
Romy Gonzalez,R. Gonzalez,Romy Gonzalez,R. Gonzalez,Red Sox,663853
Steven Matz,S. Matz,Steven Matz,S. Matz,Red Sox,571927
Trevor Story,T. Story,Trevor Story,T. Story,Red Sox,596115
Walker Buehler,W. Buehler,Walker Buehler,W. Buehler,Red Sox,621111
Wilyer Abreu,W. Abreu,Wilyer Abreu,W. Abreu,Red Sox,677800
Aaron Bummer,A. Bummer,Aaron Bummer,A. Bummer,Braves,607481
Austin Cox,A. Cox,Austin Cox,A. Cox,Braves,680735
Bryce Elder,B. Elder,Bryce Elder,B. Elder,Braves,693821
Carlos Carrasco,C. Carrasco,Carlos Carrasco,C. Carrasco,Braves,471911
Daysbel Hernández,D. Hernández,Daysbel Hernandez,D. Hernandez,Braves,678226
Drake Baldwin,D. Baldwin,Drake Baldwin,D. Baldwin,Braves,686948
Dylan Lee,D. Lee,Dylan Lee,D. Lee,Braves,669276
Eli White,E. White,Eli White,E. White,Braves,642201
Erick Fedde,E. Fedde,Erick Fedde,E. Fedde,Braves,607200
Hunter Stratton,H. Stratton,Hunter Stratton,H. Stratton,Braves,676702
Hurston Waldrep,H. Waldrep,Hurston Waldrep,H. Waldrep,Braves,694462
Joey Wentz,J. Wentz,Joey Wentz,J. Wentz,Braves,666214
Jurickson Profar,J. Profar,Jurickson Profar,J. Profar,Braves,595777
Luke Williams,L. Williams,Luke Williams,L. Williams,Braves,663897
Marcell Ozuna,M. Ozuna,Marcell Ozuna,M. Ozuna,Braves,542303
Matt Olson,M. Olson,Matt Olson,M. Olson,Braves,621566
Michael Harris,M. Harris,Michael Harris,M. Harris,Braves,671739
Nacho Alvarez,N. Alvarez,Nacho Alvarez,N. Alvarez,Braves,805373
Nick Allen,N. Allen,Nick Allen,N. Allen,Braves,110139
Ozzie Albies,O. Albies,Ozzie Albies,O. Albies,Braves,645277
Pierce Johnson,P. Johnson,Pierce Johnson,P. Johnson,Braves,572955
Raisel Iglesias,R. Iglesias,Raisel Iglesias,R. Iglesias,Braves,628452
Sandy León,S. León,Sandy Leon,S. Leon,Braves,506702
Sean Murphy,S. Murphy,Sean Murphy,S. Murphy,Braves,669221
Spencer Strider,S. Strider,Spencer Strider,S. Strider,Braves,675911
Tyler Kinley,T. Kinley,Tyler Kinley,T. Kinley,Braves,641755
Vidal Bruján,V. Bruján,Vidal Brujan,V. Brujan,Braves,660644
Aaron Ashby,A. Ashby,Aaron Ashby,A. Ashby,Brewers,676879
Abner Uribe,A. Uribe,Abner Uribe,A. Uribe,Brewers,682842
Andrew Vaughn,A. Vaughn,Andrew Vaughn,A. Vaughn,Brewers,683734
Andruw Monasterio,A. Monasterio,Andruw Monasterio,A. Monasterio,Brewers,655316
Anthony Seigler,A. Seigler,Anthony Seigler,A. Seigler,Brewers,678011
Blake Perkins,B. Perkins,Blake Perkins,B. Perkins,Brewers,663368
Brandon Lockridge,B. Lockridge,Brandon Lockridge,B. Lockridge,Brewers,663604
Brandon Woodruff,B. Woodruff,Brandon Woodruff,B. Woodruff,Brewers,605540
Brice Turang,B. Turang,Brice Turang,B. Turang,Brewers,668930
Caleb Durbin,C. Durbin,Caleb Durbin,C. Durbin,Brewers,702332
Christian Yelich,C. Yelich,Christian Yelich,C. Yelich,Brewers,592885
DL Hall,D. Hall,DL Hall,D. Hall,Brewers,669084
Danny Jansen,D. Jansen,Danny Jansen,D. Jansen,Brewers,643376
Freddy Peralta,F. Peralta,Freddy Peralta,F. Peralta,Brewers,642547
Grant Anderson,G. Anderson,Grant Anderson,G. Anderson,Brewers,681982
Isaac Collins,I. Collins,Isaac Collins,I. Collins,Brewers,686555
Jared Koenig,J. Koenig,Jared Koenig,J. Koenig,Brewers,657649
Joey Ortiz,J. Ortiz,Joey Ortiz,J. Ortiz,Brewers,687401
Jose Quintana,J. Quintana,Jose Quintana,J. Quintana,Brewers,500779
Nick Mears,N. Mears,Nick Mears,N. Mears,Brewers,683232
Quinn Priester,Q. Priester,Quinn Priester,Q. Priester,Brewers,682990
Sal Frelick,S. Frelick,Sal Frelick,S. Frelick,Brewers,686217
Shelby Miller,S. Miller,Shelby Miller,S. Miller,Brewers,571946
Tobias Myers,T. Myers,Tobias Myers,T. Myers,Brewers,668964
Trevor Megill,T. Megill,Trevor Megill,T. Megill,Brewers,656730
William Contreras,W. Contreras,William Contreras,W. Contreras,Brewers,661388
Alan Rangel,A. Rangel,Alan Rangel,A. Rangel,Phillies,660604
Brandon Marsh,B. Marsh,Brandon Marsh,B. Marsh,Phillies,669016
Bryce Harper,B. Harper,Bryce Harper,B. Harper,Phillies,547180
Bryson Stott,B. Stott,Bryson Stott,B. Stott,Phillies,681082
Cristopher Sánchez,C. Sánchez,Cristopher Sanchez,C. Sanchez,Phillies,650911
Edmundo Sosa,E. Sosa,Edmundo Sosa,E. Sosa,Phillies,624641
Harrison Bader,H. Bader,Harrison Bader,H. Bader,Phillies,664056
J.T. Realmuto,J. Realmuto,J.T. Realmuto,J. Realmuto,Phillies,592663
Jesús Luzardo,J. Luzardo,Jesus Luzardo,J. Luzardo,Phillies,666200
Jhoan Duran,J. Duran,Jhoan Duran,J. Duran,Phillies,661395
Joe Ross,J. Ross,Joe Ross,J. Ross,Phillies,605452
Jordan Romano,J. Romano,Jordan Romano,J. Romano,Phillies,605447
Kyle Schwarber,K. Schwarber,Kyle Schwarber,K. Schwarber,Phillies,656941
Matt Strahm,M. Strahm,Matt Strahm,M. Strahm,Phillies,621381
Max Kepler,M. Kepler,Max Kepler,M. Kepler,Phillies,596146
Max Lazar,M. Lazar,Max Lazar,M. Lazar,Phillies,676661
Nick Castellanos,N. Castellanos,Nick Castellanos,N. Castellanos,Phillies,592206
Orion Kerkering,O. Kerkering,Orion Kerkering,O. Kerkering,Phillies,689147
Otto Kemp,O. Kemp,Otto Kemp,O. Kemp,Phillies,805249
Rafael Marchán,R. Marchán,Rafael Marchan,R. Marchan,Phillies,665561
Ranger Suárez,R. Suárez,Ranger Suarez,R. Suarez,Phillies,624133
Taijuan Walker,T. Walker,Taijuan Walker,T. Walker,Phillies,592836
Tanner Banks,T. Banks,Tanner Banks,T. Banks,Phillies,621383
Trea Turner,T. Turner,Trea Turner,T. Turner,Phillies,607208
Weston Wilson,W. Wilson,Weston Wilson,W. Wilson,Phillies,642215
Zack Wheeler,Z. Wheeler,Zack Wheeler,Z. Wheeler,Phillies,554430
Ben Bowden,B. Bowden,Ben Bowden,B. Bowden,Athletics,641386
Brent Rooker,B. Rooker,Brent Rooker,B. Rooker,Athletics,667670
Carlos Cortes,C. Cortes,Carlos Cortes,C. Cortes,Athletics,666126
Colby Thomas,C. Thomas,Colby Thomas,C. Thomas,Athletics,687515
Darell Hernaiz,D. Hernaiz,Darell Hernaiz,D. Hernaiz,Athletics,687231
Elvis Alvarado,E. Alvarado,Elvis Alvarado,E. Alvarado,Athletics,665660
Gio Urshela,G. Urshela,Gio Urshela,G. Urshela,Athletics,570482
Hogan Harris,H. Harris,Hogan Harris,H. Harris,Athletics,663687
J.T. Ginn,J. Ginn,J.T. Ginn,J. Ginn,Athletics,669372
JJ Bleday,J. Bleday,JJ Bleday,J. Bleday,Athletics,668709
Jack Perkins,J. Perkins,Jack Perkins,J. Perkins,Athletics,678022
Jacob Lopez,J. Lopez,Jacob Lopez,J. Lopez,Athletics,682052
Jeffrey Springs,J. Springs,Jeffrey Springs,J. Springs,Athletics,605488
Justin Sterner,J. Sterner,Justin Sterner,J. Sterner,Athletics,686993
Lawrence Butler,L. Butler,Lawrence Butler,L. Butler,Athletics,671732
Luis Morales,L. Morales,Luis Morales,L. Morales,Athletics,806960
Luis Urías,L. Urías,Luis Urias,L. Urias,Athletics,649966
Max Schuemann,M. Schuemann,Max Schuemann,M. Schuemann,Athletics,680474
Michael Kelly,M. Kelly,Michael Kelly,M. Kelly,Athletics,547184
Nick Kurtz,N. Kurtz,Nick Kurtz,N. Kurtz,Athletics,701762
Osvaldo Bido,O. Bido,Osvaldo Bido,O. Bido,Athletics,674370
Sean Newcomb,S. Newcomb,Sean Newcomb,S. Newcomb,Athletics,656794
Shea Langeliers,S. Langeliers,Shea Langeliers,S. Langeliers,Athletics,669127
Tyler Ferguson,T. Ferguson,Tyler Ferguson,T. Ferguson,Athletics,621053
Tyler Soderstrom,T. Soderstrom,Tyler Soderstrom,T. Soderstrom,Athletics,691016
Willie MacIver,W. MacIver,Willie MacIver,W. MacIver,Athletics,680862
Addison Barger,A. Barger,Addison Barger,A. Barger,Blue Jays,680718
Alejandro Kirk,A. Kirk,Alejandro Kirk,A. Kirk,Blue Jays,672386
Bo Bichette,B. Bichette,Bo Bichette,B. Bichette,Blue Jays,666182
Braydon Fisher,B. Fisher,Braydon Fisher,B. Fisher,Blue Jays,680755
Brendon Little,B. Little,Brendon Little,B. Little,Blue Jays,663893
Buddy Kennedy,B. Kennedy,Buddy Kennedy,B. Kennedy,Blue Jays,671083
Chris Bassitt,C. Bassitt,Chris Bassitt,C. Bassitt,Blue Jays,605135
Daulton Varsho,D. Varsho,Daulton Varsho,D. Varsho,Blue Jays,662139
Davis Schneider,D. Schneider,Davis Schneider,D. Schneider,Blue Jays,676914
Eric Lauer,E. Lauer,Eric Lauer,E. Lauer,Blue Jays,641778
Ernie Clement,E. Clement,Ernie Clement,E. Clement,Blue Jays,676391
Jeff Hoffman,J. Hoffman,Jeff Hoffman,J. Hoffman,Blue Jays,656546
Joey Loperfido,J. Loperfido,Joey Loperfido,J. Loperfido,Blue Jays,694388
José Berríos,J. Berríos,Jose Berrios,J. Berrios,Blue Jays,621244
Kevin Gausman,K. Gausman,Kevin Gausman,K. Gausman,Blue Jays,592332
Louis Varland,L. Varland,Louis Varland,L. Varland,Blue Jays,686973
Mason Fluharty,M. Fluharty,Mason Fluharty,M. Fluharty,Blue Jays,689254
Max Scherzer,M. Scherzer,Max Scherzer,M. Scherzer,Blue Jays,453286
Myles Straw,M. Straw,Myles Straw,M. Straw,Blue Jays,664702
Nathan Lukes,N. Lukes,Nathan Lukes,N. Lukes,Blue Jays,664770
Seranthony Domínguez,S. Domínguez,Seranthony Dominguez,S. Dominguez,Blue Jays,622554
Tommy Nance,T. Nance,Tommy Nance,T. Nance,Blue Jays,667297
Ty France,T. France,Ty France,T. France,Blue Jays,664034
Tyler Heineman,T. Heineman,Tyler Heineman,T. Heineman,Blue Jays,623168
Vladimir Guerrero,V. Guerrero,Vladimir Guerrero,V. Guerrero,Blue Jays,665489
Yariel Rodríguez,Y. Rodríguez,Yariel Rodriguez,Y. Rodriguez,Blue Jays,684320
Andrew Chafin,A. Chafin,Andrew Chafin,A. Chafin,Angels,605177
Brock Burke,B. Burke,Brock Burke,B. Burke,Angels,656271
Bryce Teodosio,B. Teodosio,Bryce Teodosio,B. Teodosio,Angels,669326
Carson Fulmer,C. Fulmer,Carson Fulmer,C. Fulmer,Angels,608334
Christian Moore,C. Moore,Christian Moore,C. Moore,Angels,695681
Connor Brogdon,C. Brogdon,Connor Brogdon,C. Brogdon,Angels,641401
Gustavo Campero,G. Campero,Gustavo Campero,G. Campero,Angels,672569
Jack Kochanowicz,J. Kochanowicz,Jack Kochanowicz,J. Kochanowicz,Angels,686799
Jo Adell,J. Adell,Jo Adell,J. Adell,Angels,666176
José Soriano,J. Soriano,Jose Soriano,J. Soriano,Angels,667755
Kenley Jansen,K. Jansen,Kenley Jansen,K. Jansen,Angels,445276
Kyle Hendricks,K. Hendricks,Kyle Hendricks,K. Hendricks,Angels,543294
Logan O'Hoppe,L. O'Hoppe,Logan O'Hoppe,L. O'Hoppe,Angels,681351
Luis García,L. García,Luis Garcia,L. Garcia,Angels,408202
Luis Rengifo,L. Rengifo,Luis Rengifo,L. Rengifo,Angels,650859
Mike Trout,M. Trout,Mike Trout,M. Trout,Angels,545361
Nolan Schanuel,N. Schanuel,Nolan Schanuel,N. Schanuel,Angels,694384
Oswald Peraza,O. Peraza,Oswald Peraza,O. Peraza,Angels,672724
Reid Detmers,R. Detmers,Reid Detmers,R. Detmers,Angels,672282
Ryan Zeferjahn,R. Zeferjahn,Ryan Zeferjahn,R. Zeferjahn,Angels,666171
Taylor Ward,T. Ward,Taylor Ward,T. Ward,Angels,621493
Travis d'Arnaud,T. d'Arnaud,Travis d'Arnaud,T. d'Arnaud,Angels,518595
Tyler Anderson,T. Anderson,Tyler Anderson,T. Anderson,Angels,542881
Yoán Moncada,Y. Moncada,Yoan Moncada,Y. Moncada,Angels,660162
Yusei Kikuchi,Y. Kikuchi,Yusei Kikuchi,Y. Kikuchi,Angels,579328
Zach Neto,Z. Neto,Zach Neto,Z. Neto,Angels,687263
Angel Martínez,A. Martínez,Angel Martinez,A. Martinez,Guardians,682657
Austin Hedges,A. Hedges,Austin Hedges,A. Hedges,Guardians,595978
Bo Naylor,B. Naylor,Bo Naylor,B. Naylor,Guardians,666310
Brayan Rocchio,B. Rocchio,Brayan Rocchio,B. Rocchio,Guardians,677587
C.J. Kayfus,C. Kayfus,C.J. Kayfus,C. Kayfus,Guardians,692216
Cade Smith,C. Smith,Cade Smith,C. Smith,Guardians,671922
Carlos Hernández,C. Hernández,Carlos Hernandez,C. Hernandez,Guardians,672578
Carlos Santana,C. Santana,Carlos Santana,C. Santana,Guardians,467793
Daniel Schneemann,D. Schneemann,Daniel Schneemann,D. Schneemann,Guardians,682177
David Fry,D. Fry,David Fry,D. Fry,Guardians,681807
Erik Sabrowski,E. Sabrowski,Erik Sabrowski,E. Sabrowski,Guardians,681870
Gabriel Arias,G. Arias,Gabriel Arias,G. Arias,Guardians,672356
Gavin Williams,G. Williams,Gavin Williams,G. Williams,Guardians,668909
Hunter Gaddis,H. Gaddis,Hunter Gaddis,H. Gaddis,Guardians,683769
Jakob Junis,J. Junis,Jakob Junis,J. Junis,Guardians,596001
Joey Cantillo,J. Cantillo,Joey Cantillo,J. Cantillo,Guardians,676282
José Ramírez,J. Ramírez,Jose Ramirez,J. Ramirez,Guardians,542432
Kolby Allard,K. Allard,Kolby Allard,K. Allard,Guardians,663465
Kyle Manzardo,K. Manzardo,Kyle Manzardo,K. Manzardo,Guardians,700932
Logan Allen,L. Allen,Logan Allen,L. Allen,Guardians,671106
Matt Festa,M. Festa,Matt Festa,M. Festa,Guardians,670036
Nic Enright,N. Enright,Nic Enright,N. Enright,Guardians,663671
Nolan Jones,N. Jones,Nolan Jones,N. Jones,Guardians,666134
Slade Cecconi,S. Cecconi,Slade Cecconi,S. Cecconi,Guardians,677944
Steven Kwan,S. Kwan,Steven Kwan,S. Kwan,Guardians,680757
Tanner Bibee,T. Bibee,Tanner Bibee,T. Bibee,Guardians,676440
Aaron Schunk,A. Schunk,Aaron Schunk,A. Schunk,Rockies,668845
Adael Amador,A. Amador,Adael Amador,A. Amador,Rockies,691182
Anthony Molina,A. Molina,Anthony Molina,A. Molina,Rockies,683627
Austin Gomber,A. Gomber,Austin Gomber,A. Gomber,Rockies,596295
Austin Nola,A. Nola,Austin Nola,A. Nola,Rockies,543592
Bradley Blalock,B. Blalock,Bradley Blalock,B. Blalock,Rockies,687134
Braxton Fulford,B. Fulford,Braxton Fulford,B. Fulford,Rockies,690924
Brenton Doyle,B. Doyle,Brenton Doyle,B. Doyle,Rockies,686668
Dugan Darnell,D. Darnell,Dugan Darnell,D. Darnell,Rockies,699911
Ezequiel Tovar,E. Tovar,Ezequiel Tovar,E. Tovar,Rockies,678662
Hunter Goodman,H. Goodman,Hunter Goodman,H. Goodman,Rockies,696100
Jaden Hill,J. Hill,Jaden Hill,J. Hill,Rockies,677955
Jimmy Herget,J. Herget,Jimmy Herget,J. Herget,Rockies,623474
Jordan Beck,J. Beck,Jordan Beck,J. Beck,Rockies,687597
Juan Mejia,J. Mejia,Juan Mejia,J. Mejia,Rockies,675848
Kyle Farmer,K. Farmer,Kyle Farmer,K. Farmer,Rockies,571657
Kyle Freeland,K. Freeland,Kyle Freeland,K. Freeland,Rockies,607536
Kyle Karros,K. Karros,Kyle Karros,K. Karros,Rockies,690986
Mickey Moniak,M. Moniak,Mickey Moniak,M. Moniak,Rockies,666160
Nick Anderson,N. Anderson,Nick Anderson,N. Anderson,Rockies,623433
Ryan Rolison,R. Rolison,Ryan Rolison,R. Rolison,Rockies,669020
Tanner Gordon,T. Gordon,Tanner Gordon,T. Gordon,Rockies,685299
Tyler Freeman,T. Freeman,Tyler Freeman,T. Freeman,Rockies,671289
Victor Vodnik,V. Vodnik,Victor Vodnik,V. Vodnik,Rockies,680767
Warming Bernabel,W. Bernabel,Warming Bernabel,W. Bernabel,Rockies,682653
Yanquiel Fernández,Y. Fernández,Yanquiel Fernandez,Y. Fernandez,Rockies,692585
Brandon Nimmo,B. Nimmo,Brandon Nimmo,B. Nimmo,Mets,607043
Brett Baty,B. Baty,Brett Baty,B. Baty,Mets,683146
Brooks Raley,B. Raley,Brooks Raley,B. Raley,Mets,548384
Cedric Mullins,C. Mullins,Cedric Mullins,C. Mullins,Mets,656775
Clay Holmes,C. Holmes,Clay Holmes,C. Holmes,Mets,605280
David Peterson,D. Peterson,David Peterson,D. Peterson,Mets,656849
Edwin Díaz,E. Díaz,Edwin Diaz,E. Diaz,Mets,621242
Francisco Alvarez,F. Alvarez,Francisco Alvarez,F. Alvarez,Mets,682626
Francisco Lindor,F. Lindor,Francisco Lindor,F. Lindor,Mets,596019
Frankie Montas,F. Montas,Frankie Montas,F. Montas,Mets,593423
Gregory Soto,G. Soto,Gregory Soto,G. Soto,Mets,642397
Jeff McNeil,J. McNeil,Jeff McNeil,J. McNeil,Mets,643446
Juan Soto,J. Soto,Juan Soto,J. Soto,Mets,665742
Justin Hagenman,J. Hagenman,Justin Hagenman,J. Hagenman,Mets,663795
Kodai Senga,K. Senga,Kodai Senga,K. Senga,Mets,673540
Luis Torrens,L. Torrens,Luis Torrens,L. Torrens,Mets,620443
Mark Vientos,M. Vientos,Mark Vientos,M. Vientos,Mets,668901
Pete Alonso,P. Alonso,Pete Alonso,P. Alonso,Mets,624413
Reed Garrett,R. Garrett,Reed Garrett,R. Garrett,Mets,657585
Ronny Mauricio,R. Mauricio,Ronny Mauricio,R. Mauricio,Mets,677595
Ryan Helsley,R. Helsley,Ryan Helsley,R. Helsley,Mets,664854
Ryne Stanek,R. Stanek,Ryne Stanek,R. Stanek,Mets,592773
Sean Manaea,S. Manaea,Sean Manaea,S. Manaea,Mets,640455
Starling Marte,S. Marte,Starling Marte,S. Marte,Mets,516782
Tyler Rogers,T. Rogers,Tyler Rogers,T. Rogers,Mets,643511
Tyrone Taylor,T. Taylor,Tyrone Taylor,T. Taylor,Mets,621438
Andrew Knizner,A. Knizner,Andrew Knizner,A. Knizner,Giants,668800
Carson Seymour,C. Seymour,Carson Seymour,C. Seymour,Giants,693313
Carson Whisenhunt,C. Whisenhunt,Carson Whisenhunt,C. Whisenhunt,Giants,687931
Casey Schmitt,C. Schmitt,Casey Schmitt,C. Schmitt,Giants,669477
Christian Koss,C. Koss,Christian Koss,C. Koss,Giants,683766
Dominic Smith,D. Smith,Dominic Smith,D. Smith,Giants,642086
Drew Gilbert,D. Gilbert,Drew Gilbert,D. Gilbert,Giants,114777
Grant McCray,G. McCray,Grant McCray,G. McCray,Giants,687529
Heliot Ramos,H. Ramos,Heliot Ramos,H. Ramos,Giants,671218
Joey Lucchesi,J. Lucchesi,Joey Lucchesi,J. Lucchesi,Giants,664192
José Buttó,J. Buttó,Jose Butto,J. Butto,Giants,676130
Jung Hoo Lee,J. Hoo Lee,Jung Hoo Lee,J. Hoo Lee,Giants,808982
Justin Verlander,J. Verlander,Justin Verlander,J. Verlander,Giants,434378
Kai-Wei Teng,K. Teng,Kai-Wei Teng,K. Teng,Giants,678906
Logan Webb,L. Webb,Logan Webb,L. Webb,Giants,657277
Matt Chapman,M. Chapman,Matt Chapman,M. Chapman,Giants,656305
Matt Gage,M. Gage,Matt Gage,M. Gage,Giants,657424
Patrick Bailey,P. Bailey,Patrick Bailey,P. Bailey,Giants,672275
Rafael Devers,R. Devers,Rafael Devers,R. Devers,Giants,646240
Randy Rodríguez,R. Rodríguez,Randy Rodriguez,R. Rodriguez,Giants,678495
Robbie Ray,R. Ray,Robbie Ray,R. Ray,Giants,592662
Ryan Walker,R. Walker,Ryan Walker,R. Walker,Giants,676254
Spencer Bivens,S. Bivens,Spencer Bivens,S. Bivens,Giants,702352
Tristan Beck,T. Beck,Tristan Beck,T. Beck,Giants,663941
Willy Adames,W. Adames,Willy Adames,W. Adames,Giants,642715
Wilmer Flores,W. Flores,Wilmer Flores,W. Flores,Giants,527038
Agustín Ramírez,A. Ramírez,Agustin Ramirez,A. Ramirez,Marlins,682663
Cal Quantrill,C. Quantrill,Cal Quantrill,C. Quantrill,Marlins,615698
Calvin Faucher,C. Faucher,Calvin Faucher,C. Faucher,Marlins,676534
Dane Myers,D. Myers,Dane Myers,D. Myers,Marlins,667472
Derek Hill,D. Hill,Derek Hill,D. Hill,Marlins,656537
Edward Cabrera,E. Cabrera,Edward Cabrera,E. Cabrera,Marlins,665795
Eric Wagaman,E. Wagaman,Eric Wagaman,E. Wagaman,Marlins,676572
Eury Pérez,E. Pérez,Eury Perez,E. Perez,Marlins,691587
George Soriano,G. Soriano,George Soriano,G. Soriano,Marlins,666277
Graham Pauley,G. Pauley,Graham Pauley,G. Pauley,Marlins,688363
Heriberto Hernandez,H. Hernandez,Heriberto Hernandez,H. Hernandez,Marlins,681715
Jakob Marsee,J. Marsee,Jakob Marsee,J. Marsee,Marlins,805300
Janson Junk,J. Junk,Janson Junk,J. Junk,Marlins,676083
Javier Sanoja,J. Sanoja,Javier Sanoja,J. Sanoja,Marlins,691594
Josh Simpson,J. Simpson,Josh Simpson,J. Simpson,Marlins,681006
Kyle Stowers,K. Stowers,Kyle Stowers,K. Stowers,Marlins,669065
Lake Bachar,L. Bachar,Lake Bachar,L. Bachar,Marlins,669199
Liam Hicks,L. Hicks,Liam Hicks,L. Hicks,Marlins,689414
Otto Lopez,O. Lopez,Otto Lopez,O. Lopez,Marlins,672640
Ronny Henriquez,R. Henriquez,Ronny Henriquez,R. Henriquez,Marlins,678692
Ryan Gusto,R. Gusto,Ryan Gusto,R. Gusto,Marlins,687473
Sandy Alcantara,S. Alcantara,Sandy Alcantara,S. Alcantara,Marlins,645261
Troy Johnston,T. Johnston,Troy Johnston,T. Johnston,Marlins,687859
Tyler Phillips,T. Phillips,Tyler Phillips,T. Phillips,Marlins,663969
Tyler Zuber,T. Zuber,Tyler Zuber,T. Zuber,Marlins,676604
Valente Bellozo,V. Bellozo,Valente Bellozo,V. Bellozo,Marlins,678368
Xavier Edwards,X. Edwards,Xavier Edwards,X. Edwards,Marlins,669364
Andy Ibáñez,A. Ibáñez,Andy Ibanez,A. Ibanez,Tigers,628451
Brant Hurter,B. Hurter,Brant Hurter,B. Hurter,Tigers,676428
Casey Mize,C. Mize,Casey Mize,C. Mize,Tigers,663554
Charlie Morton,C. Morton,Charlie Morton,C. Morton,Tigers,119424
Chris Paddack,C. Paddack,Chris Paddack,C. Paddack,Tigers,663978
Codi Heuer,C. Heuer,Codi Heuer,C. Heuer,Tigers,676051
Colt Keith,C. Keith,Colt Keith,C. Keith,Tigers,690993
Dillon Dingler,D. Dingler,Dillon Dingler,D. Dingler,Tigers,693307
Gleyber Torres,G. Torres,Gleyber Torres,G. Torres,Tigers,650402
Jack Flaherty,J. Flaherty,Jack Flaherty,J. Flaherty,Tigers,656427
Jahmai Jones,J. Jones,Jahmai Jones,J. Jones,Tigers,663330
Jake Rogers,J. Rogers,Jake Rogers,J. Rogers,Tigers,668670
Javier Báez,J. Báez,Javier Baez,J. Baez,Tigers,595879
Kerry Carpenter,K. Carpenter,Kerry Carpenter,K. Carpenter,Tigers,681481
Kyle Finnegan,K. Finnegan,Kyle Finnegan,K. Finnegan,Tigers,640448
Matt Vierling,M. Vierling,Matt Vierling,M. Vierling,Tigers,663837
Rafael Montero,R. Montero,Rafael Montero,R. Montero,Tigers,606160
Riley Greene,R. Greene,Riley Greene,R. Greene,Tigers,682985
Spencer Torkelson,S. Torkelson,Spencer Torkelson,S. Torkelson,Tigers,679529
Tarik Skubal,T. Skubal,Tarik Skubal,T. Skubal,Tigers,669373
Tommy Kahnle,T. Kahnle,Tommy Kahnle,T. Kahnle,Tigers,592454
Troy Melton,T. Melton,Troy Melton,T. Melton,Tigers,675512
Tyler Holton,T. Holton,Tyler Holton,T. Holton,Tigers,663947
Wenceel Pérez,W. Pérez,Wenceel Perez,W. Perez,Tigers,672761
Will Vest,W. Vest,Will Vest,W. Vest,Tigers,676684
Zach McKinstry,Z. McKinstry,Zach McKinstry,Z. McKinstry,Tigers,656716
Adam Frazier,A. Frazier,Adam Frazier,A. Frazier,Royals,624428
Angel Zerpa,A. Zerpa,Angel Zerpa,A. Zerpa,Royals,672582
Bailey Falter,B. Falter,Bailey Falter,B. Falter,Royals,663559
Bobby Witt,B. Witt,Bobby Witt,B. Witt,Royals,677951
Carlos Estévez,C. Estévez,Carlos Estevez,C. Estevez,Royals,608032
Daniel Lynch,D. Lynch,Daniel Lynch,D. Lynch,Royals,663738
Hunter Harvey,H. Harvey,Hunter Harvey,H. Harvey,Royals,640451
John Rave,J. Rave,John Rave,J. Rave,Royals,670231
John Schreiber,J. Schreiber,John Schreiber,J. Schreiber,Royals,670167
Jonathan India,J. India,Jonathan India,J. India,Royals,663697
Kyle Isbel,K. Isbel,Kyle Isbel,K. Isbel,Royals,664728
Lucas Erceg,L. Erceg,Lucas Erceg,L. Erceg,Royals,668674
Luke Maile,L. Maile,Luke Maile,L. Maile,Royals,571912
Maikel Garcia,M. Garcia,Maikel Garcia,M. Garcia,Royals,672580
Michael Wacha,M. Wacha,Michael Wacha,M. Wacha,Royals,608379
Mike Yastrzemski,M. Yastrzemski,Mike Yastrzemski,M. Yastrzemski,Royals,573262
Nick Loftin,N. Loftin,Nick Loftin,N. Loftin,Royals,679845
Noah Cameron,N. Cameron,Noah Cameron,N. Cameron,Royals,702070
Randal Grichuk,R. Grichuk,Randal Grichuk,R. Grichuk,Royals,545341
Ryan Bergert,R. Bergert,Ryan Bergert,R. Bergert,Royals,686701
Salvador Perez,S. Perez,Salvador Perez,S. Perez,Royals,521692
Sam Long,S. Long,Sam Long,S. Long,Royals,669674
Seth Lugo,S. Lugo,Seth Lugo,S. Lugo,Royals,607625
Taylor Clarke,T. Clarke,Taylor Clarke,T. Clarke,Royals,664199
Tyler Tolbert,T. Tolbert,Tyler Tolbert,T. Tolbert,Royals,686475
Vinnie Pasquantino,V. Pasquantino,Vinnie Pasquantino,V. Pasquantino,Royals,686469
Adrian Houser,A. Houser,Adrian Houser,A. Houser,Rays,605288
Brandon Lowe,B. Lowe,Brandon Lowe,B. Lowe,Rays,664040
Bryan Baker,B. Baker,Bryan Baker,B. Baker,Rays,641329
Chandler Simpson,C. Simpson,Chandler Simpson,C. Simpson,Rays,802415
Christopher Morel,C. Morel,Christopher Morel,C. Morel,Rays,666624
Drew Rasmussen,D. Rasmussen,Drew Rasmussen,D. Rasmussen,Rays,656876
Edwin Uceta,E. Uceta,Edwin Uceta,E. Uceta,Rays,670955
Garrett Cleavinger,G. Cleavinger,Garrett Cleavinger,G. Cleavinger,Rays,664076
Griffin Jax,G. Jax,Griffin Jax,G. Jax,Rays,643377
Ha-Seong Kim,H. Kim,Ha-Seong Kim,H. Kim,Rays,673490
Hunter Feduccia,H. Feduccia,Hunter Feduccia,H. Feduccia,Rays,676439
Ian Seymour,I. Seymour,Ian Seymour,I. Seymour,Rays,693855
Jake Mangum,J. Mangum,Jake Mangum,J. Mangum,Rays,663968
Joe Boyle,J. Boyle,Joe Boyle,J. Boyle,Rays,671212
Josh Lowe,J. Lowe,Josh Lowe,J. Lowe,Rays,666139
Junior Caminero,J. Caminero,Junior Caminero,J. Caminero,Rays,691406
Mason Englert,M. Englert,Mason Englert,M. Englert,Rays,669438
Mason Montgomery,M. Montgomery,Mason Montgomery,M. Montgomery,Rays,682254
Nick Fortes,N. Fortes,Nick Fortes,N. Fortes,Rays,663743
Pete Fairbanks,P. Fairbanks,Pete Fairbanks,P. Fairbanks,Rays,664126
Ryan Pepiot,R. Pepiot,Ryan Pepiot,R. Pepiot,Rays,686752
Shane Baz,S. Baz,Shane Baz,S. Baz,Rays,669358
Taylor Walls,T. Walls,Taylor Walls,T. Walls,Rays,670764
Tristan Gray,T. Gray,Tristan Gray,T. Gray,Rays,656484
Tristan Peters,T. Peters,Tristan Peters,T. Peters,Rays,120461
Yandy Díaz,Y. Díaz,Yandy Diaz,Y. Diaz,Rays,650490
Bennett Sousa,B. Sousa,Bennett Sousa,B. Sousa,Astros,656986
Bryan Abreu,B. Abreu,Bryan Abreu,B. Abreu,Astros,650556
Bryan King,B. King,Bryan King,B. King,Astros,687911
Cam Smith,C. Smith,Cam Smith,C. Smith,Astros,701358
Carlos Correa,C. Correa,Carlos Correa,C. Correa,Astros,621043
Chas McCormick,C. McCormick,Chas McCormick,C. McCormick,Astros,676801
Christian Walker,C. Walker,Christian Walker,C. Walker,Astros,572233
Colton Gordon,C. Gordon,Colton Gordon,C. Gordon,Astros,676467
Cooper Hummel,C. Hummel,Cooper Hummel,C. Hummel,Astros,669450
Enyel De Los Santos,E. De Los Santos,Enyel De Los Santos,E. De Los Santos,Astros,660853
Framber Valdez,F. Valdez,Framber Valdez,F. Valdez,Astros,664285
Héctor Neris,H. Neris,Hector Neris,H. Neris,Astros,593576
Hunter Brown,H. Brown,Hunter Brown,H. Brown,Astros,686613
Jason Alexander,J. Alexander,Jason Alexander,J. Alexander,Astros,669920
Jeremy Peña,J. Peña,Jeremy Pena,J. Pena,Astros,665161
Jesús Sánchez,J. Sánchez,Jesus Sanchez,J. Sanchez,Astros,133260
Jose Altuve,J. Altuve,Jose Altuve,J. Altuve,Astros,514888
Josh Hader,J. Hader,Josh Hader,J. Hader,Astros,623352
Kaleb Ort,K. Ort,Kaleb Ort,K. Ort,Astros,672391
Mauricio Dubón,M. Dubón,Mauricio Dubon,M. Dubon,Astros,643289
Ramón Urías,R. Urías,Ramon Urias,R. Urias,Astros,602104
Spencer Arrighetti,S. Arrighetti,Spencer Arrighetti,S. Arrighetti,Astros,681293
Steven Okert,S. Okert,Steven Okert,S. Okert,Astros,595345
Taylor Trammell,T. Trammell,Taylor Trammell,T. Trammell,Astros,666211
Victor Caratini,V. Caratini,Victor Caratini,V. Caratini,Astros,605170
Yainer Diaz,Y. Diaz,Yainer Diaz,Y. Diaz,Astros,673237
Andrew Abbott,A. Abbott,Andrew Abbott,A. Abbott,Reds,671096
Austin Hays,A. Hays,Austin Hays,A. Hays,Reds,669720
Brady Singer,B. Singer,Brady Singer,B. Singer,Reds,663903
Brent Suter,B. Suter,Brent Suter,B. Suter,Reds,608718
Chase Burns,C. Burns,Chase Burns,C. Burns,Reds,695505
Elly De La Cruz,E. De La Cruz,Elly De La Cruz,E. De La Cruz,Reds,682829
Emilio Pagán,E. Pagán,Emilio Pagan,E. Pagan,Reds,641941
Gavin Lux,G. Lux,Gavin Lux,G. Lux,Reds,666158
Graham Ashcraft,G. Ashcraft,Graham Ashcraft,G. Ashcraft,Reds,668933
Jake Fraley,J. Fraley,Jake Fraley,J. Fraley,Reds,641584
Jose Trevino,J. Trevino,Jose Trevino,J. Trevino,Reds,624431
Ke'Bryan Hayes,K. Hayes,Ke'Bryan Hayes,K. Hayes,Reds,663647
Luis Mey,L. Mey,Luis Mey,L. Mey,Reds,682825
Matt McLain,M. McLain,Matt McLain,M. McLain,Reds,680574
Miguel Andujar,M. Andujar,Miguel Andujar,M. Andujar,Reds,609280
Nick Martinez,N. Martinez,Nick Martinez,N. Martinez,Reds,607259
Noelvi Marte,N. Marte,Noelvi Marte,N. Marte,Reds,682622
Sam Benschoter,S. Benschoter,Sam Benschoter,S. Benschoter,Reds,113276
Sam Moll,S. Moll,Sam Moll,S. Moll,Reds,594580
Santiago Espinal,S. Espinal,Santiago Espinal,S. Espinal,Reds,669289
Scott Barlow,S. Barlow,Scott Barlow,S. Barlow,Reds,605130
Spencer Steer,S. Steer,Spencer Steer,S. Steer,Reds,668715
TJ Friedl,T. Friedl,TJ Friedl,T. Friedl,Reds,670770
Tony Santillan,T. Santillan,Tony Santillan,T. Santillan,Reds,663574
Tyler Stephenson,T. Stephenson,Tyler Stephenson,T. Stephenson,Reds,663886
Zack Littell,Z. Littell,Zack Littell,Z. Littell,Reds,641793
Andrew Kittredge,A. Kittredge,Andrew Kittredge,A. Kittredge,Cubs,552640
Ben Brown,B. Brown,Ben Brown,B. Brown,Cubs,676962
Brad Keller,B. Keller,Brad Keller,B. Keller,Cubs,641745
Cade Horton,C. Horton,Cade Horton,C. Horton,Cubs,690990
Caleb Thielbar,C. Thielbar,Caleb Thielbar,C. Thielbar,Cubs,573204
Carson Kelly,C. Kelly,Carson Kelly,C. Kelly,Cubs,608348
Colin Rea,C. Rea,Colin Rea,C. Rea,Cubs,607067
Daniel Palencia,D. Palencia,Daniel Palencia,D. Palencia,Cubs,694037
Dansby Swanson,D. Swanson,Dansby Swanson,D. Swanson,Cubs,621020
Drew Pomeranz,D. Pomeranz,Drew Pomeranz,D. Pomeranz,Cubs,519141
Ian Happ,I. Happ,Ian Happ,I. Happ,Cubs,664023
Jon Berti,J. Berti,Jon Berti,J. Berti,Cubs,542932
Justin Turner,J. Turner,Justin Turner,J. Turner,Cubs,457759
Kyle Tucker,K. Tucker,Kyle Tucker,K. Tucker,Cubs,663656
Matt Shaw,M. Shaw,Matt Shaw,M. Shaw,Cubs,807713
Matthew Boyd,M. Boyd,Matthew Boyd,M. Boyd,Cubs,571510
Michael Busch,M. Busch,Michael Busch,M. Busch,Cubs,683737
Nate Pearson,N. Pearson,Nate Pearson,N. Pearson,Cubs,663878
Nico Hoerner,N. Hoerner,Nico Hoerner,N. Hoerner,Cubs,663538
Pete Crow-Armstrong,P. Crow-Armstrong,Pete Crow-Armstrong,P. Crow-Armstrong,Cubs,691718
Reese McGuire,R. McGuire,Reese McGuire,R. McGuire,Cubs,624512
Ryan Brasier,R. Brasier,Ryan Brasier,R. Brasier,Cubs,518489
Seiya Suzuki,S. Suzuki,Seiya Suzuki,S. Suzuki,Cubs,673548
Shota Imanaga,S. Imanaga,Shota Imanaga,S. Imanaga,Cubs,684007
Taylor Rogers,T. Rogers,Taylor Rogers,T. Rogers,Cubs,573124
Willi Castro,W. Castro,Willi Castro,W. Castro,Cubs,650489
Alan Roden,A. Roden,Alan Roden,A. Roden,Twins,702176
Austin Martin,A. Martin,Austin Martin,A. Martin,Twins,668885
Bailey Ober,B. Ober,Bailey Ober,B. Ober,Twins,641927
Brooks Kriske,B. Kriske,Brooks Kriske,B. Kriske,Twins,621139
Brooks Lee,B. Lee,Brooks Lee,B. Lee,Twins,686797
Carson McCusker,C. McCusker,Carson McCusker,C. McCusker,Twins,676812
Cole Sands,C. Sands,Cole Sands,C. Sands,Twins,663485
Edouard Julien,E. Julien,Edouard Julien,E. Julien,Twins,666397
Erasmo Ramírez,E. Ramírez,Erasmo Ramirez,E. Ramirez,Twins,541640
Jhonny Pereda,J. Pereda,Jhonny Pereda,J. Pereda,Twins,640902
Joe Ryan,J. Ryan,Joe Ryan,J. Ryan,Twins,657746
José Ureña,J. Ureña,Jose Urena,J. Urena,Twins,570632
Justin Topa,J. Topa,Justin Topa,J. Topa,Twins,623437
Kody Clemens,K. Clemens,Kody Clemens,K. Clemens,Twins,665019
Kody Funderburk,K. Funderburk,Kody Funderburk,K. Funderburk,Twins,681892
Luke Keaschall,L. Keaschall,Luke Keaschall,L. Keaschall,Twins,807712
Michael Tonkin,M. Tonkin,Michael Tonkin,M. Tonkin,Twins,543859
Mickey Gasper,M. Gasper,Mickey Gasper,M. Gasper,Twins,681508
Pierson Ohl,P. Ohl,Pierson Ohl,P. Ohl,Twins,701487
Royce Lewis,R. Lewis,Royce Lewis,R. Lewis,Twins,668904
Ryan Fitzgerald,R. Fitzgerald,Ryan Fitzgerald,R. Fitzgerald,Twins,680837
Ryan Jeffers,R. Jeffers,Ryan Jeffers,R. Jeffers,Twins,680777
Thomas Hatch,T. Hatch,Thomas Hatch,T. Hatch,Twins,641672
Travis Adams,T. Adams,Travis Adams,T. Adams,Twins,701519
Trevor Larnach,T. Larnach,Trevor Larnach,T. Larnach,Twins,663616
Zebby Matthews,Z. Matthews,Zebby Matthews,Z. Matthews,Twins,805673
Andrés Muñoz,A. Muñoz,Andres Munoz,A. Munoz,Mariners,662253
Bryan Woo,B. Woo,Bryan Woo,B. Woo,Mariners,693433
Cal Raleigh,C. Raleigh,Cal Raleigh,C. Raleigh,Mariners,663728
Caleb Ferguson,C. Ferguson,Caleb Ferguson,C. Ferguson,Mariners,657571
Carlos Vargas,C. Vargas,Carlos Vargas,C. Vargas,Mariners,672841
Casey Legumina,C. Legumina,Casey Legumina,C. Legumina,Mariners,668984
Cole Young,C. Young,Cole Young,C. Young,Mariners,702284
Dominic Canzone,D. Canzone,Dominic Canzone,D. Canzone,Mariners,686527
Donovan Solano,D. Solano,Donovan Solano,D. Solano,Mariners,456781
Dylan Moore,D. Moore,Dylan Moore,D. Moore,Mariners,664238
Eduard Bazardo,E. Bazardo,Eduard Bazardo,E. Bazardo,Mariners,660825
Eugenio Suárez,E. Suárez,Eugenio Suarez,E. Suarez,Mariners,553993
Gabe Speier,G. Speier,Gabe Speier,G. Speier,Mariners,642100
George Kirby,G. Kirby,George Kirby,G. Kirby,Mariners,669923
J.P. Crawford,J. Crawford,J.P. Crawford,J. Crawford,Mariners,641487
Jackson Kowar,J. Kowar,Jackson Kowar,J. Kowar,Mariners,663804
Jorge Polanco,J. Polanco,Jorge Polanco,J. Polanco,Mariners,593871
Josh Naylor,J. Naylor,Josh Naylor,J. Naylor,Mariners,647304
Julio Rodríguez,J. Rodríguez,Julio Rodriguez,J. Rodriguez,Mariners,677594
Logan Evans,L. Evans,Logan Evans,L. Evans,Mariners,688138
Logan Gilbert,L. Gilbert,Logan Gilbert,L. Gilbert,Mariners,669302
Luis Castillo,L. Castillo,Luis Castillo,L. Castillo,Mariners,112116
Matt Brash,M. Brash,Matt Brash,M. Brash,Mariners,666374
Miles Mastrobuoni,M. Mastrobuoni,Miles Mastrobuoni,M. Mastrobuoni,Mariners,670156
Mitch Garver,M. Garver,Mitch Garver,M. Garver,Mariners,641598
Randy Arozarena,R. Arozarena,Randy Arozarena,R. Arozarena,Mariners,668227
Brad Lord,B. Lord,Brad Lord,B. Lord,Nationals,695418
Brady House,B. House,Brady House,B. House,Nationals,691781
CJ Abrams,C. Abrams,CJ Abrams,C. Abrams,Nationals,682928
Cade Cavalli,C. Cavalli,Cade Cavalli,C. Cavalli,Nationals,676917
Clayton Beeter,C. Beeter,Clayton Beeter,C. Beeter,Nationals,690925
Cole Henry,C. Henry,Cole Henry,C. Henry,Nationals,669371
Daylen Lile,D. Lile,Daylen Lile,D. Lile,Nationals,695734
Drew Millas,D. Millas,Drew Millas,D. Millas,Nationals,686452
Jackson Rutledge,J. Rutledge,Jackson Rutledge,J. Rutledge,Nationals,671131
Jacob Young,J. Young,Jacob Young,J. Young,Nationals,696285
Jake Irvin,J. Irvin,Jake Irvin,J. Irvin,Nationals,663623
James Wood,J. Wood,James Wood,J. Wood,Nationals,695578
Jose Ferrer,J. Ferrer,Jose Ferrer,J. Ferrer,Nationals,678606
José Tena,J. Tena,Jose Tena,J. Tena,Nationals,677588
Josh Bell,J. Bell,Josh Bell,J. Bell,Nationals,458679
Konnor Pilkington,K. Pilkington,Konnor Pilkington,K. Pilkington,Nationals,663455
Luis García,L. García,Luis Garcia,L. Garcia,Nationals,408202
MacKenzie Gore,M. Gore,MacKenzie Gore,M. Gore,Nationals,669022
Mitchell Parker,M. Parker,Mitchell Parker,M. Parker,Nationals,680730
Nathaniel Lowe,N. Lowe,Nathaniel Lowe,N. Lowe,Nationals,663993
Orlando Ribalta,O. Ribalta,Orlando Ribalta,O. Ribalta,Nationals,687377
PJ Poulin,P. Poulin,PJ Poulin,P. Poulin,Nationals,119505
Paul DeJong,P. DeJong,Paul DeJong,P. DeJong,Nationals,657557
Riley Adams,R. Adams,Riley Adams,R. Adams,Nationals,656180
Robert Hassell,R. Hassell,Robert Hassell,R. Hassell,Nationals,690987
Shinnosuke Ogasawara,S. Ogasawara,Shinnosuke Ogasawara,S. Ogasawara,Nationals,829272
Adrian Del Castillo,A. Del Castillo,Adrian Del Castillo,A. Del Castillo,D-backs,680728
Alek Thomas,A. Thomas,Alek Thomas,A. Thomas,D-backs,677950
Andrew Hoffmann,A. Hoffmann,Andrew Hoffmann,A. Hoffmann,D-backs,694851
Andrew Saalfrank,A. Saalfrank,Andrew Saalfrank,A. Saalfrank,D-backs,685314
Anthony DeSclafani,A. DeSclafani,Anthony DeSclafani,A. DeSclafani,D-backs,543101
Blaze Alexander,B. Alexander,Blaze Alexander,B. Alexander,D-backs,677942
Brandon Pfaadt,B. Pfaadt,Brandon Pfaadt,B. Pfaadt,D-backs,694297
Connor Kaiser,C. Kaiser,Connor Kaiser,C. Kaiser,D-backs,663731
Corbin Carroll,C. Carroll,Corbin Carroll,C. Carroll,D-backs,682998
Eduardo Rodriguez,E. Rodriguez,Eduardo Rodriguez,E. Rodriguez,D-backs,593958
Geraldo Perdomo,G. Perdomo,Geraldo Perdomo,G. Perdomo,D-backs,672695
Jake McCarthy,J. McCarthy,Jake McCarthy,J. McCarthy,D-backs,664983
Jake Woodford,J. Woodford,Jake Woodford,J. Woodford,D-backs,663765
Jalen Beeks,J. Beeks,Jalen Beeks,J. Beeks,D-backs,656222
James McCann,J. McCann,James McCann,J. McCann,D-backs,543510
John Curtiss,J. Curtiss,John Curtiss,J. Curtiss,D-backs,595928
Jorge Barrosa,J. Barrosa,Jorge Barrosa,J. Barrosa,D-backs,678489
Jose Herrera,J. Herrera,Jose Herrera,J. Herrera,D-backs,645444
Juan Burgos,J. Burgos,Juan Burgos,J. Burgos,D-backs,686228
Kendall Graveman,K. Graveman,Kendall Graveman,K. Graveman,D-backs,608665
Ketel Marte,K. Marte,Ketel Marte,K. Marte,D-backs,606466
Kyle Backhus,K. Backhus,Kyle Backhus,K. Backhus,D-backs,679775
Lourdes Gurriel,L. Gurriel,Lourdes Gurriel,L. Gurriel,D-backs,666971
Ryne Nelson,R. Nelson,Ryne Nelson,R. Nelson,D-backs,669194
Tyler Locklear,T. Locklear,Tyler Locklear,T. Locklear,D-backs,682988
Zac Gallen,Z. Gallen,Zac Gallen,Z. Gallen,D-backs,668678
Alexander Canario,A. Canario,Alexander Canario,A. Canario,Pirates,672744
Andrew Heaney,A. Heaney,Andrew Heaney,A. Heaney,Pirates,571760
Andrew McCutchen,A. McCutchen,Andrew McCutchen,A. McCutchen,Pirates,457705
Braxton Ashcraft,B. Ashcraft,Braxton Ashcraft,B. Ashcraft,Pirates,677952
Bryan Reynolds,B. Reynolds,Bryan Reynolds,B. Reynolds,Pirates,668804
Cam Sanders,C. Sanders,Cam Sanders,C. Sanders,Pirates,121677
Carmen Mlodzinski,C. Mlodzinski,Carmen Mlodzinski,C. Mlodzinski,Pirates,669387
Dauri Moreta,D. Moreta,Dauri Moreta,D. Moreta,Pirates,664294
Dennis Santana,D. Santana,Dennis Santana,D. Santana,Pirates,642701
Henry Davis,H. Davis,Henry Davis,H. Davis,Pirates,680779
Isaac Mattson,I. Mattson,Isaac Mattson,I. Mattson,Pirates,676755
Isiah Kiner-Falefa,I. Kiner-Falefa,Isiah Kiner-Falefa,I. Kiner-Falefa,Pirates,643396
Jack Suwinski,J. Suwinski,Jack Suwinski,J. Suwinski,Pirates,669261
Jared Triolo,J. Triolo,Jared Triolo,J. Triolo,Pirates,669707
Joey Bart,J. Bart,Joey Bart,J. Bart,Pirates,663698
Kyle Nicolas,K. Nicolas,Kyle Nicolas,K. Nicolas,Pirates,693312
Liover Peguero,L. Peguero,Liover Peguero,L. Peguero,Pirates,678894
Mike Burrows,M. Burrows,Mike Burrows,M. Burrows,Pirates,681347
Mitch Keller,M. Keller,Mitch Keller,M. Keller,Pirates,656605
Nick Gonzales,N. Gonzales,Nick Gonzales,N. Gonzales,Pirates,693304
Oneil Cruz,O. Cruz,Oneil Cruz,O. Cruz,Pirates,665833
Paul Skenes,P. Skenes,Paul Skenes,P. Skenes,Pirates,694973
Ryan Borucki,R. Borucki,Ryan Borucki,R. Borucki,Pirates,621366
Spencer Horwitz,S. Horwitz,Spencer Horwitz,S. Horwitz,Pirates,687462
Tommy Pham,T. Pham,Tommy Pham,T. Pham,Pirates,502054
Yohan Ramírez,Y. Ramírez,Yohan Ramirez,Y. Ramirez,Pirates,670990
Adrian Morejon,A. Morejon,Adrian Morejon,A. Morejon,Padres,670970
Bryce Johnson,B. Johnson,Bryce Johnson,B. Johnson,Padres,669369
David Morgan,D. Morgan,David Morgan,D. Morgan,Padres,688158
Dylan Cease,D. Cease,Dylan Cease,D. Cease,Padres,656302
Elias Díaz,E. Díaz,Elias Diaz,E. Diaz,Padres,553869
Fernando Tatis,F. Tatis,Fernando Tatis,F. Tatis,Padres,665487
Freddy Fermin,F. Fermin,Freddy Fermin,F. Fermin,Padres,666023
Gavin Sheets,G. Sheets,Gavin Sheets,G. Sheets,Padres,657757
Jackson Merrill,J. Merrill,Jackson Merrill,J. Merrill,Padres,701538
Jake Cronenworth,J. Cronenworth,Jake Cronenworth,J. Cronenworth,Padres,630105
Jason Adam,J. Adam,Jason Adam,J. Adam,Padres,592094
Jeremiah Estrada,J. Estrada,Jeremiah Estrada,J. Estrada,Padres,669093
Jose Iglesias,J. Iglesias,Jose Iglesias,J. Iglesias,Padres,578428
Luis Arraez,L. Arraez,Luis Arraez,L. Arraez,Padres,650333
Manny Machado,M. Machado,Manny Machado,M. Machado,Padres,592518
Mason Miller,M. Miller,Mason Miller,M. Miller,Padres,695243
Michael King,M. King,Michael King,M. King,Padres,543859
Nestor Cortes,N. Cortes,Nestor Cortes,N. Cortes,Padres,641482
Nick Pivetta,N. Pivetta,Nick Pivetta,N. Pivetta,Padres,601713
Ramón Laureano,R. Laureano,Ramon Laureano,R. Laureano,Padres,657656
Robert Suarez,R. Suarez,Robert Suarez,R. Suarez,Padres,663158
Ryan O'Hearn,R. O'Hearn,Ryan O'Hearn,R. O'Hearn,Padres,656811
Wandy Peralta,W. Peralta,Wandy Peralta,W. Peralta,Padres,593974
Xander Bogaerts,X. Bogaerts,Xander Bogaerts,X. Bogaerts,Padres,593428
Yu Darvish,Y. Darvish,Yu Darvish,Y. Darvish,Padres,506433
Yuki Matsui,Y. Matsui,Yuki Matsui,Y. Matsui,Padres,673513
Aaron Judge,A. Judge,Aaron Judge,A. Judge,Yankees,592450
Amed Rosario,A. Rosario,Amed Rosario,A. Rosario,Yankees,642708
Anthony Volpe,A. Volpe,Anthony Volpe,A. Volpe,Yankees,683011
Austin Wells,A. Wells,Austin Wells,A. Wells,Yankees,669224
Ben Rice,B. Rice,Ben Rice,B. Rice,Yankees,700250
Brent Headrick,B. Headrick,Brent Headrick,B. Headrick,Yankees,687396
Cam Schlittler,C. Schlittler,Cam Schlittler,C. Schlittler,Yankees,693645
Camilo Doval,C. Doval,Camilo Doval,C. Doval,Yankees,666808
Carlos Rodón,C. Rodón,Carlos Rodon,C. Rodon,Yankees,607074
Cody Bellinger,C. Bellinger,Cody Bellinger,C. Bellinger,Yankees,641355
David Bednar,D. Bednar,David Bednar,D. Bednar,Yankees,670280
Devin Williams,D. Williams,Devin Williams,D. Williams,Yankees,642207
Giancarlo Stanton,G. Stanton,Giancarlo Stanton,G. Stanton,Yankees,519317
Jasson Domínguez,J. Domínguez,Jasson Dominguez,J. Dominguez,Yankees,691176
Jazz Chisholm,J. Chisholm,Jazz Chisholm,J. Chisholm,Yankees,665862
José Caballero,J. Caballero,Jose Caballero,J. Caballero,Yankees,676609
Luis Gil,L. Gil,Luis Gil,L. Gil,Yankees,661563
Luke Weaver,L. Weaver,Luke Weaver,L. Weaver,Yankees,596133
Mark Leiter,M. Leiter,Mark Leiter,M. Leiter,Yankees,117653
Max Fried,M. Fried,Max Fried,M. Fried,Yankees,608331
Paul Goldschmidt,P. Goldschmidt,Paul Goldschmidt,P. Goldschmidt,Yankees,502671
Ryan McMahon,R. McMahon,Ryan McMahon,R. McMahon,Yankees,641857
Tim Hill,T. Hill,Tim Hill,T. Hill,Yankees,657612
Trent Grisham,T. Grisham,Trent Grisham,T. Grisham,Yankees,663757
Will Warren,W. Warren,Will Warren,W. Warren,Yankees,701542
Yerry De los Santos,Y. De los Santos,Yerry De los Santos,Y. De los Santos,Yankees,660787
Alex Call,A. Call,Alex Call,A. Call,Dodgers,669743
Alex Freeland,A. Freeland,Alex Freeland,A. Freeland,Dodgers,690976
Alex Vesia,A. Vesia,Alex Vesia,A. Vesia,Dodgers,681911
Alexis Díaz,A. Díaz,Alexis Diaz,A. Diaz,Dodgers,664747
Andy Pages,A. Pages,Andy Pages,A. Pages,Dodgers,681624
Anthony Banda,A. Banda,Anthony Banda,A. Banda,Dodgers,607455
Ben Casparius,B. Casparius,Ben Casparius,B. Casparius,Dodgers,676508
Blake Snell,B. Snell,Blake Snell,B. Snell,Dodgers,605483
Blake Treinen,B. Treinen,Blake Treinen,B. Treinen,Dodgers,595014
Brock Stewart,B. Stewart,Brock Stewart,B. Stewart,Dodgers,592779
Clayton Kershaw,C. Kershaw,Clayton Kershaw,C. Kershaw,Dodgers,477132
Dalton Rushing,D. Rushing,Dalton Rushing,D. Rushing,Dodgers,687221
Emmet Sheehan,E. Sheehan,Emmet Sheehan,E. Sheehan,Dodgers,686218
Freddie Freeman,F. Freeman,Freddie Freeman,F. Freeman,Dodgers,518692
Jack Dreyer,J. Dreyer,Jack Dreyer,J. Dreyer,Dodgers,676263
Justin Dean,J. Dean,Justin Dean,J. Dean,Dodgers,621573
Justin Wrobleski,J. Wrobleski,Justin Wrobleski,J. Wrobleski,Dodgers,680736
Max Muncy,M. Muncy,Max Muncy,M. Muncy,Dodgers,571970
Michael Conforto,M. Conforto,Michael Conforto,M. Conforto,Dodgers,624424
Miguel Rojas,M. Rojas,Miguel Rojas,M. Rojas,Dodgers,500743
Mookie Betts,M. Betts,Mookie Betts,M. Betts,Dodgers,605141
Shohei Ohtani,S. Ohtani,Shohei Ohtani,S. Ohtani,Dodgers,660271
Teoscar Hernández,T. Hernández,Teoscar Hernandez,T. Hernandez,Dodgers,606192
Tyler Glasnow,T. Glasnow,Tyler Glasnow,T. Glasnow,Dodgers,607192
Will Smith,W. Smith,Will Smith,W. Smith,Dodgers,519293
Yoshinobu Yamamoto,Y. Yamamoto,Yoshinobu Yamamoto,Y. Yamamoto,Dodgers,808967
